,path,class,class_numeric,width,height,fold
0,00001.png,C1,0,2440,1292,4
1,00002.png,C1,0,1280,678,-1
2,00003.png,C1,0,1600,847,2
3,00004.png,C1,0,2648,1292,3
4,00005.png,C1,0,2648,1292,0
5,00006.png,C1,0,2648,1292,2
6,00007.png,C1,0,2648,1292,0
7,00008.png,C1,0,2440,1292,4
8,00009.png,C1,0,2648,1292,-1
9,00010.png,C1,0,2648,1292,2
10,00011.png,C1,0,2440,1292,3
11,00012.png,C1,0,2440,1292,2
12,00013.png,C1,0,2440,1292,4
13,00014.png,C1,0,2440,1292,-1
14,00015.png,C1,0,2440,1292,-1
15,00016.png,C1,0,2324,1292,1
16,00017.png,C1,0,2440,1292,1
17,00018.png,C1,0,2440,1292,3
18,00019.png,C1,0,2440,1292,3
19,00020.png,C1,0,1280,677,3
20,00021.png,C1,0,1600,847,-1
21,00022.png,C1,0,2324,1292,-1
22,00023.png,C1,0,2324,1292,2
23,00024.png,C1,0,2440,1292,3
24,00025.png,C1,0,2440,1292,1
25,00026.png,C1,0,2608,1244,1
26,00027.png,C1,0,2615,1244,2
27,00028.png,C1,0,2607,1244,3
28,00029.png,C1,0,2617,1244,1
29,00030.png,C1,0,2609,1244,4
30,00031.png,C1,0,2605,1244,1
31,00032.png,C1,0,2607,1244,3
32,00033.png,C1,0,2607,1244,2
33,00034.png,C1,0,2603,1244,1
34,00035.png,C1,0,2607,1244,-1
35,00036.png,C1,0,2608,1244,1
36,00037.png,C1,0,2605,1244,1
37,00038.png,C1,0,2610,1244,0
38,00039.png,C1,0,2609,1244,4
39,00040.png,C1,0,2615,1244,4
40,00041.png,C1,0,2607,1244,-1
41,00042.png,C1,0,2609,1244,3
42,00043.png,C1,0,2612,1244,0
43,00044.png,C1,0,2611,1244,-1
44,00045.png,C1,0,2606,1244,0
45,00046.png,C1,0,2614,1244,0
46,00047.png,C1,0,2617,1244,2
47,00048.png,C1,0,2609,1244,3
48,00049.png,C1,0,2612,1244,3
49,00050.png,C1,0,2608,1244,-1
50,00051.png,C1,0,2604,1244,2
51,00052.png,C1,0,2610,1244,4
52,00053.png,C1,0,2607,1244,-1
53,00054.png,C1,0,2612,1244,-1
54,00055.png,C1,0,2609,1244,1
55,00056.png,C1,0,2616,1244,4
56,00057.png,C1,0,2615,1244,0
57,00058.png,C1,0,2616,1244,1
58,00059.png,C1,0,2616,1244,-1
59,00060.png,C1,0,2611,1244,2
60,00061.png,C1,0,2612,1244,0
61,00062.png,C1,0,2611,1244,0
62,00063.png,C1,0,2608,1244,-1
63,00064.png,C1,0,2608,1244,2
64,00065.png,C1,0,2425,1244,-1
65,00066.png,C1,0,2608,1244,0
66,00067.png,C1,0,2605,1244,3
67,00068.png,C1,0,2619,1244,4
68,00069.png,C1,0,2615,1244,2
69,00070.png,C1,0,2608,1244,1
70,00071.png,C1,0,2617,1244,1
71,00072.png,C1,0,2610,1244,-1
72,00073.png,C1,0,2616,1244,4
73,00074.png,C1,0,2614,1244,3
74,00075.png,C1,0,2609,1244,1
75,00076.png,C1,0,2600,1244,0
76,00077.png,C1,0,2608,1244,0
77,00078.png,C1,0,2613,1244,3
78,00079.png,C1,0,2614,1244,4
79,00080.png,C1,0,2607,1244,0
80,00081.png,C1,0,2600,1244,-1
81,00082.png,C1,0,2605,1244,3
82,00083.png,C1,0,2604,1244,3
83,00084.png,C1,0,2608,1244,1
84,00085.png,C1,0,2607,1244,2
85,00086.png,C1,0,2606,1244,4
86,00087.png,C1,0,2425,1244,4
87,00088.png,C1,0,2617,1244,-1
88,00089.png,C1,0,2606,1244,2
89,00090.png,C1,0,2609,1244,4
90,00091.png,C1,0,2611,1244,4
91,00092.png,C1,0,2607,1244,-1
92,00093.png,C1,0,2430,1244,3
93,00094.png,C1,0,2416,1244,3
94,00095.png,C1,0,2614,1244,3
95,00096.png,C1,0,2602,1244,3
96,00097.png,C1,0,2609,1244,2
97,00098.png,C1,0,2613,1244,2
98,00099.png,C1,0,2608,1244,2
99,00100.png,C1,0,2612,1244,-1
100,00101.png,C1,0,2611,1244,4
101,00102.png,C1,0,2606,1244,1
102,00103.png,C1,0,2619,1244,-1
103,00104.png,C1,0,2616,1244,1
104,00105.png,C1,0,2595,1244,3
105,00106.png,C1,0,2614,1244,-1
106,00107.png,C1,0,2609,1244,-1
107,00108.png,C1,0,2617,1244,4
108,00109.png,C1,0,2608,1244,0
109,00110.png,C1,0,2605,1244,0
110,00111.png,C1,0,2612,1244,2
111,00112.png,C1,0,2606,1244,4
112,00113.png,C1,0,2606,1244,1
113,00114.png,C1,0,2611,1244,2
114,00115.png,C1,0,2419,1244,2
115,00116.png,C1,0,2606,1244,4
116,00117.png,C1,0,2608,1244,4
117,00118.png,C1,0,2615,1244,0
118,00119.png,C1,0,2608,1244,2
119,00120.png,C1,0,2610,1244,2
120,00121.png,C1,0,2416,1244,1
121,00122.png,C1,0,2611,1244,-1
122,00123.png,C1,0,2600,1244,2
123,00124.png,C1,0,2606,1244,4
124,00125.png,C1,0,2436,1272,1
125,00126.png,C1,0,2000,1050,3
126,00127.png,C1,0,2432,1272,3
127,00128.png,C1,0,2432,1272,0
128,00129.png,C1,0,2432,1272,-1
129,00130.png,C1,0,2440,1292,2
130,00131.png,C1,0,2609,1244,-1
131,00132.png,C1,0,2610,1244,2
132,00133.png,C1,0,2616,1244,2
133,00134.png,C1,0,2420,1244,1
134,00135.png,C1,0,2611,1244,4
135,00136.png,C1,0,2605,1244,-1
136,00137.png,C1,0,2610,1244,0
137,00138.png,C1,0,2606,1244,3
138,00139.png,C1,0,2423,1244,-1
139,00140.png,C1,0,2613,1244,4
140,00141.png,C1,0,2610,1244,2
141,00142.png,C1,0,2609,1244,2
142,00143.png,C1,0,2605,1244,4
143,00144.png,C1,0,2614,1244,4
144,00145.png,C1,0,2605,1244,0
145,00146.png,C1,0,2608,1244,3
146,00147.png,C1,0,2607,1244,3
147,00148.png,C1,0,2616,1244,4
148,00149.png,C1,0,2608,1244,0
149,00150.png,C1,0,2609,1244,3
150,00151.png,C1,0,2609,1244,4
151,00152.png,C1,0,2608,1244,3
152,00153.png,C1,0,2606,1244,2
153,00154.png,C1,0,2606,1244,1
154,00155.png,C1,0,2611,1244,2
155,00156.png,C1,0,2610,1244,2
156,00157.png,C1,0,2606,1244,-1
157,00158.png,C1,0,2609,1244,1
158,00159.png,C1,0,2606,1244,1
159,00160.png,C1,0,2615,1244,3
160,00161.png,C1,0,2614,1244,-1
161,00162.png,C1,0,2611,1244,-1
162,00163.png,C1,0,2592,1244,-1
163,00164.png,C1,0,2612,1244,3
164,00165.png,C1,0,2424,1244,1
165,00166.png,C1,0,2611,1244,2
166,00167.png,C1,0,2608,1244,-1
167,00168.png,C1,0,2316,1272,3
168,00169.png,C1,0,2316,1272,0
169,00170.png,C1,0,2903,1536,4
170,00171.png,C1,0,2432,1272,3
171,00172.png,C1,0,2903,1536,1
172,00173.png,C1,0,2903,1536,3
173,00174.png,C1,0,2903,1536,0
174,00175.png,C1,0,2903,1536,1
175,00176.png,C1,0,2903,1536,1
176,00177.png,C1,0,2903,1536,3
177,00178.png,C1,0,2903,1536,2
178,00179.png,C1,0,2486,1197,4
179,00180.png,C1,0,2486,1197,0
180,00181.png,C1,0,2316,1272,0
181,00182.png,C1,0,2486,1197,0
182,00183.png,C1,0,2486,1197,1
183,00184.png,C1,0,2432,1272,0
184,00185.png,C1,0,2432,1272,0
185,00186.png,C1,0,2432,1272,1
186,00187.png,C1,0,2432,1272,3
187,00188.png,C1,0,2486,1197,-1
188,00189.png,C1,0,2486,1197,2
189,00190.png,C1,0,2432,1272,-1
190,00191.png,C1,0,2432,1272,-1
191,00192.png,C1,0,2432,1272,-1
192,00193.png,C1,0,2432,1272,4
193,00194.png,C1,0,2316,1272,4
194,00195.png,C1,0,2316,1272,2
195,00196.png,C1,0,2903,1536,1
196,00197.png,C1,0,2903,1536,0
197,00198.png,C1,0,2903,1536,3
198,00199.png,C1,0,2903,1536,2
199,00200.png,C1,0,2903,1536,2
200,00201.png,C1,0,2903,1536,3
201,00202.png,C1,0,2903,1536,-1
202,00203.png,C1,0,2903,1536,1
203,00204.png,C1,0,2903,1536,1
204,00205.png,C1,0,2903,1536,4
205,00206.png,C1,0,2903,1536,-1
206,00207.png,C1,0,2903,1536,0
207,00208.png,C1,0,2903,1536,-1
208,00209.png,C1,0,2903,1536,0
209,00210.png,C1,0,2903,1536,2
210,00211.png,C1,0,2903,1536,2
211,00212.png,C1,0,2903,1536,4
212,00213.png,C1,0,2903,1536,-1
213,00214.png,C1,0,2903,1536,2
214,00215.png,C1,0,2903,1536,-1
215,00216.png,C1,0,2903,1536,0
216,00217.png,C1,0,2903,1536,-1
217,00218.png,C1,0,2903,1536,-1
218,00219.png,C1,0,2903,1536,0
219,00220.png,C1,0,2903,1536,3
220,00221.png,C1,0,2903,1536,1
221,00222.png,C1,0,2903,1536,1
222,00223.png,C1,0,2903,1536,0
223,00224.png,C1,0,2903,1536,1
224,00225.png,C1,0,2903,1536,1
225,00226.png,C1,0,2903,1536,1
226,00227.png,C1,0,2903,1536,4
227,00228.png,C1,0,2903,1536,3
228,00229.png,C1,0,2903,1536,3
229,00230.png,C1,0,2903,1536,1
230,00231.png,C1,0,2903,1536,4
231,00232.png,C1,0,2903,1536,1
232,00233.png,C1,0,2903,1536,1
233,00234.png,C1,0,2903,1536,0
234,00235.png,C1,0,2903,1536,3
235,00236.png,C1,0,2776,1480,3
236,00237.png,C1,0,2903,1536,-1
237,00238.png,C1,0,2903,1536,1
238,00239.png,C1,0,2903,1536,1
239,00240.png,C1,0,2903,1536,4
240,00241.png,C1,0,2903,1536,4
241,00242.png,C1,0,2903,1536,-1
242,00243.png,C1,0,2903,1536,3
243,00244.png,C1,0,2903,1536,-1
244,00245.png,C1,0,2903,1536,1
245,00246.png,C1,0,2903,1536,1
246,00247.png,C1,0,2903,1536,4
247,00248.png,C1,0,2903,1536,0
248,00249.png,C1,0,2903,1536,0
249,00250.png,C1,0,2903,1536,3
250,00251.png,C1,0,2903,1536,4
251,00252.png,C1,0,2903,1536,-1
252,00253.png,C1,0,2903,1536,-1
253,00254.png,C1,0,2903,1536,2
254,00255.png,C1,0,2903,1536,3
255,00256.png,C1,0,2903,1536,1
256,00257.png,C1,0,2903,1536,2
257,00258.png,C1,0,2903,1536,3
258,00259.png,C1,0,2903,1536,3
259,00260.png,C1,0,2903,1536,-1
260,00261.png,C1,0,2903,1536,3
261,00262.png,C1,0,2903,1536,3
262,00263.png,C1,0,2903,1536,4
263,00264.png,C1,0,2903,1536,-1
264,00265.png,C1,0,2903,1536,3
265,00266.png,C1,0,2903,1536,3
266,00267.png,C1,0,2903,1536,0
267,00268.png,C1,0,2903,1536,2
268,00269.png,C1,0,2903,1536,0
269,00270.png,C1,0,2903,1536,-1
270,00271.png,C1,0,2903,1536,-1
271,00272.png,C1,0,2903,1536,0
272,00273.png,C1,0,2903,1536,0
273,00274.png,C1,0,2903,1536,-1
274,00275.png,C1,0,2903,1536,2
275,00276.png,C1,0,2903,1536,3
276,00277.png,C1,0,2903,1536,-1
277,00278.png,C1,0,2903,1536,1
278,00279.png,C1,0,2903,1536,4
279,00280.png,C1,0,2903,1536,-1
280,00281.png,C1,0,2903,1536,0
281,00282.png,C1,0,2903,1536,0
282,00283.png,C1,0,2903,1536,0
283,00284.png,C1,0,2903,1536,3
284,00285.png,C1,0,2903,1536,4
285,00286.png,C1,0,2903,1536,0
286,00287.png,C1,0,2903,1536,2
287,00288.png,C1,0,2903,1536,0
288,00289.png,C1,0,2903,1536,3
289,00290.png,C1,0,2903,1536,1
290,00291.png,C1,0,2903,1536,3
291,00292.png,C1,0,2903,1536,1
292,00293.png,C1,0,2903,1536,1
293,00294.png,C1,0,2903,1536,1
294,00295.png,C1,0,2903,1536,1
295,00296.png,C1,0,2903,1536,-1
296,00297.png,C1,0,2903,1536,0
297,00298.png,C1,0,2903,1536,1
298,00299.png,C1,0,2903,1536,1
299,00300.png,C1,0,2903,1536,1
300,00301.png,C1,0,2776,1480,-1
301,00302.png,C1,0,2903,1536,4
302,00303.png,C1,0,2316,1272,3
303,00304.png,C1,0,2432,1272,-1
304,00305.png,C1,0,2432,1272,2
305,00306.png,C1,0,2432,1272,2
306,00307.png,C1,0,2432,1272,0
307,00308.png,C1,0,2316,1272,3
308,00309.png,C1,0,2316,1272,-1
309,00310.png,C1,0,2903,1536,-1
310,00311.png,C1,0,2903,1536,0
311,00312.png,C1,0,2903,1536,0
312,00313.png,C1,0,2903,1536,3
313,00314.png,C1,0,2903,1536,-1
314,00315.png,C1,0,2903,1536,1
315,00316.png,C1,0,2903,1536,-1
316,00317.png,C1,0,2903,1536,3
317,00318.png,C1,0,2903,1536,2
318,00319.png,C1,0,2903,1536,1
319,00320.png,C1,0,2432,1272,1
320,00321.png,C1,0,2432,1272,4
321,00322.png,C1,0,2432,1272,2
322,00323.png,C1,0,2392,1272,1
323,00324.png,C1,0,2316,1272,4
324,00325.png,C1,0,2316,1272,2
325,00326.png,C1,0,2432,1272,1
326,00327.png,C1,0,2316,1272,-1
327,00328.png,C1,0,2432,1272,3
328,00329.png,C1,0,2316,1272,4
329,00330.png,C1,0,2432,1272,3
330,00331.png,C1,0,2432,1272,-1
331,00332.png,C1,0,2432,1272,3
332,00333.png,C1,0,2316,1272,4
333,00334.png,C1,0,2432,1272,0
334,00335.png,C1,0,2432,1272,0
335,00336.png,C1,0,2432,1272,4
336,00337.png,C1,0,2432,1272,1
337,00338.png,C1,0,2432,1272,-1
338,00339.png,C1,0,2432,1272,1
339,00340.png,C1,0,2432,1272,-1
340,00341.png,C1,0,2432,1272,0
341,00342.png,C1,0,2316,1272,4
342,00343.png,C1,0,2316,1272,4
343,00344.png,C1,0,2776,1480,-1
344,00345.png,C1,0,2903,1536,-1
345,00346.png,C1,0,2903,1536,-1
346,00347.png,C1,0,2903,1536,3
347,00348.png,C1,0,2903,1536,0
348,00349.png,C1,0,2903,1536,4
349,00350.png,C1,0,2903,1536,2
350,00351.png,C1,0,2903,1536,-1
351,00352.png,C1,0,2903,1536,4
352,00353.png,C1,0,2903,1536,0
353,00354.png,C1,0,2903,1536,1
354,00355.png,C1,0,2903,1536,1
355,00356.png,C1,0,2903,1536,2
356,00357.png,C1,0,2903,1536,4
357,00358.png,C1,0,2903,1536,2
358,00359.png,C1,0,2903,1536,3
359,00360.png,C1,0,2903,1536,-1
360,00361.png,C1,0,2903,1536,2
361,00362.png,C1,0,2903,1536,4
362,00363.png,C1,0,2903,1536,1
363,00364.png,C1,0,2903,1536,4
364,00365.png,C1,0,2903,1536,4
365,00366.png,C1,0,2903,1536,1
366,00367.png,C1,0,2903,1536,-1
367,00368.png,C1,0,2903,1536,3
368,00369.png,C1,0,2903,1536,1
369,00370.png,C1,0,2903,1536,3
370,00371.png,C1,0,2903,1536,4
371,00372.png,C1,0,2903,1536,0
372,00373.png,C1,0,2903,1536,-1
373,00374.png,C1,0,2903,1536,0
374,00375.png,C1,0,2903,1536,4
375,00376.png,C1,0,2903,1536,0
376,00377.png,C1,0,2903,1536,3
377,00378.png,C1,0,2903,1536,0
378,00379.png,C1,0,2903,1536,0
379,00380.png,C1,0,2903,1536,-1
380,00381.png,C1,0,2903,1536,4
381,00382.png,C1,0,2903,1536,1
382,00383.png,C1,0,2903,1536,2
383,00384.png,C1,0,2903,1536,2
384,00385.png,C1,0,2903,1536,0
385,00386.png,C1,0,2903,1536,-1
386,00387.png,C1,0,2903,1536,1
387,00388.png,C1,0,2903,1536,-1
388,00389.png,C1,0,2903,1536,2
389,00390.png,C1,0,2903,1536,-1
390,00391.png,C1,0,2903,1536,1
391,00392.png,C1,0,2903,1536,-1
392,00393.png,C1,0,2903,1536,0
393,00394.png,C1,0,2903,1536,2
394,00395.png,C1,0,2903,1536,4
395,00396.png,C1,0,2903,1536,3
396,00397.png,C1,0,2903,1536,2
397,00398.png,C1,0,2903,1536,1
398,00399.png,C1,0,2903,1536,0
399,00400.png,C1,0,2903,1536,0
400,00401.png,C1,0,2903,1536,4
401,00402.png,C1,0,2903,1536,-1
402,00403.png,C1,0,2903,1536,4
403,00404.png,C1,0,2903,1536,2
404,00405.png,C1,0,2903,1536,3
405,00406.png,C1,0,2903,1536,4
406,00407.png,C1,0,2903,1536,1
407,00408.png,C1,0,2903,1536,4
408,00409.png,C1,0,2903,1536,4
409,00410.png,C1,0,2903,1536,-1
410,00411.png,C1,0,2903,1536,0
411,00412.png,C1,0,2903,1536,4
412,00413.png,C1,0,2903,1536,4
413,00414.png,C1,0,2903,1536,-1
414,00415.png,C1,0,2903,1536,4
415,00416.png,C1,0,2903,1536,2
416,00417.png,C1,0,2903,1536,0
417,00418.png,C1,0,2903,1536,3
418,00419.png,C1,0,2903,1536,3
419,00420.png,C1,0,2903,1536,-1
420,00421.png,C1,0,2903,1536,2
421,00422.png,C1,0,2903,1536,4
422,00423.png,C1,0,2903,1536,0
423,00424.png,C1,0,2903,1536,1
424,00425.png,C1,0,2903,1536,2
425,00426.png,C1,0,2903,1536,1
426,00427.png,C1,0,2903,1536,3
427,00428.png,C1,0,2903,1536,-1
428,00429.png,C1,0,2903,1536,2
429,00430.png,C1,0,2903,1536,3
430,00431.png,C1,0,2903,1536,-1
431,00432.png,C1,0,2903,1536,0
432,00433.png,C1,0,2903,1536,0
433,00434.png,C1,0,2903,1536,2
434,00435.png,C1,0,2903,1536,0
435,00436.png,C1,0,2903,1536,-1
436,00437.png,C1,0,2903,1536,0
437,00438.png,C1,0,2903,1536,3
438,00439.png,C1,0,2903,1536,4
439,00440.png,C1,0,2903,1536,2
440,00441.png,C1,0,2903,1536,1
441,00442.png,C1,0,2903,1536,2
442,00443.png,C1,0,2903,1536,1
443,00444.png,C1,0,2903,1536,-1
444,00445.png,C1,0,2903,1536,2
445,00446.png,C1,0,2903,1536,-1
446,00447.png,C1,0,2903,1536,2
447,00448.png,C1,0,2903,1536,4
448,00449.png,C1,0,2903,1536,4
449,00450.png,C1,0,2903,1536,4
450,00451.png,C1,0,2903,1536,4
451,00452.png,C1,0,2903,1536,3
452,00453.png,C1,0,2903,1536,2
453,00454.png,C1,0,2903,1536,4
454,00455.png,C1,0,2903,1536,-1
455,00456.png,C1,0,2903,1536,-1
456,00457.png,C1,0,2903,1536,2
457,00458.png,C1,0,2903,1536,0
458,00459.png,C1,0,2903,1536,-1
459,00460.png,C1,0,2903,1536,-1
460,00461.png,C1,0,2903,1536,1
461,00462.png,C1,0,2903,1536,-1
462,00463.png,C1,0,2903,1536,3
463,00464.png,C1,0,2903,1536,3
464,00465.png,C1,0,2903,1536,1
465,00466.png,C1,0,2903,1536,2
466,00467.png,C1,0,2903,1536,-1
467,00468.png,C1,0,2903,1536,4
468,00469.png,C1,0,2903,1536,1
469,00470.png,C1,0,2903,1536,2
470,00471.png,C1,0,2903,1536,3
471,00472.png,C1,0,2903,1536,2
472,00473.png,C1,0,2903,1536,4
473,00474.png,C1,0,2903,1536,2
474,00475.png,C1,0,2903,1536,-1
475,00476.png,C1,0,2903,1536,-1
476,00477.png,C1,0,2903,1536,-1
477,00478.png,C1,0,2903,1536,1
478,00479.png,C1,0,2903,1536,0
479,00480.png,C1,0,2903,1536,3
480,00481.png,C1,0,2903,1536,2
481,00482.png,C1,0,2903,1536,3
482,00483.png,C1,0,2903,1536,1
483,00484.png,C1,0,2903,1536,-1
484,00485.png,C1,0,2903,1536,-1
485,00486.png,C1,0,2903,1536,3
486,00487.png,C1,0,2903,1536,0
487,00488.png,C1,0,2903,1536,0
488,00489.png,C1,0,2903,1536,2
489,00490.png,C1,0,2903,1536,4
490,00491.png,C1,0,2903,1536,1
491,00492.png,C1,0,2903,1536,-1
492,00493.png,C1,0,2903,1536,2
493,00494.png,C1,0,2903,1536,3
494,00495.png,C1,0,2903,1536,2
495,00496.png,C1,0,2903,1536,0
496,00497.png,C1,0,2903,1536,4
497,00498.png,C1,0,2903,1536,4
498,00499.png,C1,0,2903,1536,0
499,00500.png,C1,0,2903,1536,1
500,00501.png,C1,0,2903,1536,3
501,00502.png,C1,0,2903,1536,0
502,00503.png,C1,0,2903,1536,-1
503,00504.png,C1,0,2903,1536,1
504,00505.png,C1,0,2903,1536,-1
505,00506.png,C1,0,2903,1536,1
506,00507.png,C1,0,2903,1536,0
507,00508.png,C1,0,2903,1536,4
508,00509.png,C1,0,2903,1536,1
509,00510.png,C1,0,2903,1536,2
510,00511.png,C1,0,2903,1536,-1
511,00512.png,C1,0,2903,1536,4
512,00513.png,C1,0,2903,1536,0
513,00514.png,C1,0,2903,1536,3
514,00515.png,C1,0,2903,1536,2
515,00516.png,C1,0,2903,1536,2
516,00517.png,C1,0,2903,1536,4
517,00518.png,C1,0,2903,1536,-1
518,00519.png,C1,0,2903,1536,1
519,00520.png,C1,0,2903,1536,1
520,00521.png,C1,0,2903,1536,3
521,00522.png,C1,0,2903,1536,4
522,00523.png,C1,0,2903,1536,3
523,00524.png,C1,0,2903,1536,4
524,00525.png,C1,0,2903,1536,3
525,00526.png,C1,0,2903,1536,-1
526,00527.png,C1,0,2903,1536,-1
527,00528.png,C1,0,2903,1536,-1
528,00529.png,C1,0,2903,1536,2
529,00530.png,C1,0,2903,1536,2
530,00531.png,C1,0,2903,1536,0
531,00532.png,C1,0,2903,1536,2
532,00533.png,C1,0,2903,1536,4
533,00534.png,C1,0,2903,1536,4
534,00535.png,C1,0,2903,1536,0
535,00536.png,C1,0,2903,1536,2
536,00537.png,C1,0,2903,1536,1
537,00538.png,C1,0,2903,1536,0
538,00539.png,C1,0,2903,1536,4
539,00540.png,C1,0,2851,1449,0
540,00541.png,C1,0,2851,1449,-1
541,00542.png,C1,0,2851,1449,0
542,00543.png,C1,0,2851,1449,-1
543,00544.png,C1,0,2903,1536,2
544,00545.png,C1,0,2903,1536,3
545,00546.png,C1,0,2903,1536,0
546,00547.png,C1,0,2903,1536,4
547,00548.png,C1,0,2903,1536,0
548,00549.png,C1,0,2903,1536,-1
549,00550.png,C1,0,2903,1536,0
550,00551.png,C1,0,2903,1536,0
551,00552.png,C1,0,2903,1536,-1
552,00553.png,C1,0,2903,1536,2
553,00554.png,C1,0,2903,1536,3
554,00555.png,C1,0,2903,1536,-1
555,00556.png,C1,0,2903,1536,2
556,00557.png,C1,0,2903,1536,0
557,00558.png,C2,1,2440,1292,1
558,00559.png,C2,1,1600,847,2
559,00560.png,C2,1,2648,1292,1
560,00561.png,C2,1,2440,1292,1
561,00562.png,C2,1,2648,1292,-1
562,00563.png,C2,1,2440,1292,4
563,00564.png,C2,1,2440,1292,-1
564,00565.png,C2,1,1220,646,4
565,00566.png,C2,1,2440,1292,-1
566,00567.png,C2,1,2440,1292,4
567,00568.png,C2,1,2648,1292,0
568,00569.png,C2,1,2440,1292,2
569,00570.png,C2,1,2648,1292,-1
570,00571.png,C2,1,2440,1292,2
571,00572.png,C2,1,2440,1292,2
572,00573.png,C2,1,2611,1244,1
573,00574.png,C2,1,2599,1244,0
574,00575.png,C2,1,2609,1244,4
575,00576.png,C2,1,2612,1244,-1
576,00577.png,C2,1,2615,1244,0
577,00578.png,C2,1,2608,1244,3
578,00579.png,C2,1,2607,1244,1
579,00580.png,C2,1,2609,1244,2
580,00581.png,C2,1,2611,1244,3
581,00582.png,C2,1,2611,1244,-1
582,00583.png,C2,1,2608,1244,2
583,00584.png,C2,1,2612,1244,3
584,00585.png,C2,1,2613,1244,4
585,00586.png,C2,1,2607,1244,-1
586,00587.png,C2,1,2605,1244,0
587,00588.png,C2,1,2610,1244,2
588,00589.png,C2,1,2613,1244,3
589,00590.png,C2,1,2609,1244,2
590,00591.png,C2,1,2613,1244,3
591,00592.png,C2,1,2609,1244,4
592,00593.png,C2,1,2612,1244,1
593,00594.png,C2,1,2606,1244,-1
594,00595.png,C2,1,2612,1244,2
595,00596.png,C2,1,2612,1244,-1
596,00597.png,C2,1,2607,1244,4
597,00598.png,C2,1,2609,1244,1
598,00599.png,C2,1,2615,1244,-1
599,00600.png,C2,1,2608,1244,3
600,00601.png,C2,1,2590,1244,0
601,00602.png,C2,1,2615,1244,2
602,00603.png,C2,1,2612,1244,1
603,00604.png,C2,1,2607,1244,1
604,00605.png,C2,1,2607,1244,0
605,00606.png,C2,1,2428,1244,0
606,00607.png,C2,1,2607,1244,0
607,00608.png,C2,1,2603,1244,3
608,00609.png,C2,1,2606,1244,-1
609,00610.png,C2,1,2610,1244,-1
610,00611.png,C2,1,2608,1244,0
611,00612.png,C2,1,2605,1244,3
612,00613.png,C2,1,2611,1244,4
613,00614.png,C2,1,2614,1244,-1
614,00615.png,C2,1,2613,1244,3
615,00616.png,C2,1,2615,1244,0
616,00617.png,C2,1,2615,1244,3
617,00618.png,C2,1,2619,1244,0
618,00619.png,C2,1,2612,1244,-1
619,00620.png,C2,1,2608,1244,0
620,00621.png,C2,1,2611,1244,3
621,00622.png,C2,1,2604,1244,3
622,00623.png,C2,1,2603,1244,2
623,00624.png,C2,1,2615,1244,3
624,00625.png,C2,1,2607,1244,4
625,00626.png,C2,1,2607,1244,-1
626,00627.png,C2,1,2613,1244,2
627,00628.png,C2,1,2606,1244,2
628,00629.png,C2,1,2607,1244,0
629,00630.png,C2,1,2614,1244,2
630,00631.png,C2,1,2615,1244,-1
631,00632.png,C2,1,2602,1244,1
632,00633.png,C2,1,2607,1244,-1
633,00634.png,C2,1,2608,1244,1
634,00635.png,C2,1,2607,1244,1
635,00636.png,C2,1,2608,1244,1
636,00637.png,C2,1,2413,1244,2
637,00638.png,C2,1,2612,1244,1
638,00639.png,C2,1,2614,1244,4
639,00640.png,C2,1,2610,1244,1
640,00641.png,C2,1,2316,1272,-1
641,00642.png,C2,1,2432,1272,2
642,00643.png,C2,1,2432,1272,3
643,00644.png,C2,1,2432,1272,3
644,00645.png,C2,1,2308,1272,3
645,00646.png,C2,1,2609,1244,1
646,00647.png,C2,1,2595,1244,2
647,00648.png,C2,1,2610,1244,4
648,00649.png,C2,1,2607,1244,4
649,00650.png,C2,1,2602,1244,1
650,00651.png,C2,1,2608,1244,0
651,00652.png,C2,1,2612,1244,1
652,00653.png,C2,1,2600,1244,-1
653,00654.png,C2,1,2606,1244,1
654,00655.png,C2,1,2607,1244,0
655,00656.png,C2,1,2612,1244,-1
656,00657.png,C2,1,2604,1244,-1
657,00658.png,C2,1,2612,1244,1
658,00659.png,C2,1,2605,1244,1
659,00660.png,C2,1,2622,1244,3
660,00661.png,C2,1,2610,1244,1
661,00662.png,C2,1,2607,1244,0
662,00663.png,C2,1,2610,1244,0
663,00664.png,C2,1,2605,1244,4
664,00665.png,C2,1,2611,1244,3
665,00666.png,C2,1,2610,1244,-1
666,00667.png,C2,1,2608,1244,4
667,00668.png,C2,1,2604,1244,2
668,00669.png,C2,1,2603,1244,3
669,00670.png,C2,1,2609,1244,0
670,00671.png,C2,1,2432,1272,0
671,00672.png,C2,1,2432,1272,2
672,00673.png,C2,1,2432,1272,0
673,00674.png,C2,1,2432,1272,1
674,00675.png,C2,1,2432,1272,1
675,00676.png,C2,1,2486,1197,3
676,00677.png,C2,1,2486,1197,2
677,00678.png,C2,1,2432,1272,3
678,00679.png,C2,1,2316,1272,-1
679,00680.png,C2,1,2432,1272,0
680,00681.png,C2,1,2432,1272,3
681,00682.png,C2,1,2432,1272,0
682,00683.png,C2,1,2432,1272,2
683,00684.png,C2,1,2432,1272,0
684,00685.png,C2,1,2486,1197,3
685,00686.png,C2,1,2432,1272,0
686,00687.png,C2,1,2432,1272,0
687,00688.png,C2,1,2432,1272,0
688,00689.png,C2,1,2432,1272,-1
689,00690.png,C2,1,2480,1272,-1
690,00691.png,C2,1,2486,1197,2
691,00692.png,C2,1,2432,1272,4
692,00693.png,C2,1,2432,1272,-1
693,00694.png,C2,1,2432,1272,0
694,00695.png,C2,1,2432,1272,1
695,00696.png,C2,1,2480,1272,1
696,00697.png,C2,1,2432,1272,1
697,00698.png,C2,1,2432,1272,-1
698,00699.png,C2,1,2432,1272,3
699,00700.png,C2,1,2432,1272,0
700,00701.png,C2,1,2486,1197,-1
701,00702.png,C2,1,2486,1197,-1
702,00703.png,C2,1,2432,1272,-1
703,00704.png,C2,1,2486,1197,3
704,00705.png,C2,1,2486,1197,1
705,00706.png,C2,1,2316,1272,3
706,00707.png,C2,1,2316,1272,0
707,00708.png,C2,1,2432,1272,-1
708,00709.png,C2,1,2432,1272,-1
709,00710.png,C2,1,2432,1272,3
710,00711.png,C2,1,2903,1536,1
711,00712.png,C2,1,2903,1536,2
712,00713.png,C2,1,2903,1536,4
713,00714.png,C2,1,2903,1536,2
714,00715.png,C2,1,2903,1536,4
715,00716.png,C2,1,2903,1536,2
716,00717.png,C2,1,2432,1272,2
717,00718.png,C2,1,2432,1272,3
718,00719.png,C2,1,2903,1536,4
719,00720.png,C2,1,1452,768,-1
720,00721.png,C2,1,2903,1536,0
721,00722.png,C2,1,2903,1536,-1
722,00723.png,C2,1,2316,1272,1
723,00724.png,C2,1,2903,1536,0
724,00725.png,C2,1,2903,1536,-1
725,00726.png,C2,1,2903,1536,3
726,00727.png,C2,1,2432,1272,-1
727,00728.png,C2,1,2436,1272,0
728,00729.png,C2,1,2432,1272,0
729,00730.png,C2,1,2316,1272,4
730,00731.png,C2,1,2432,1272,-1
731,00732.png,C2,1,2432,1272,1
732,00733.png,C2,1,2432,1272,4
733,00734.png,C2,1,2432,1272,-1
734,00735.png,C2,1,2432,1272,3
735,00736.png,C2,1,2486,1197,3
736,00737.png,C2,1,2432,1272,1
737,00738.png,C2,1,2432,1272,-1
738,00739.png,C2,1,2432,1272,4
739,00740.png,C2,1,2432,1272,-1
740,00741.png,C2,1,2432,1272,2
741,00742.png,C2,1,2432,1272,0
742,00743.png,C2,1,2432,1272,-1
743,00744.png,C2,1,2432,1272,-1
744,00745.png,C2,1,2316,1272,4
745,00746.png,C2,1,2316,1272,1
746,00747.png,C2,1,2432,1272,-1
747,00748.png,C2,1,2432,1272,3
748,00749.png,C2,1,2432,1272,0
749,00750.png,C2,1,2432,1272,4
750,00751.png,C2,1,2486,1197,-1
751,00752.png,C2,1,2432,1272,4
752,00753.png,C2,1,2432,1272,0
753,00754.png,C2,1,2486,1197,1
754,00755.png,C2,1,2432,1272,4
755,00756.png,C2,1,2432,1272,4
756,00757.png,C2,1,2432,1272,3
757,00758.png,C2,1,2486,1197,2
758,00759.png,C2,1,2432,1272,0
759,00760.png,C2,1,2432,1272,0
760,00761.png,C2,1,2432,1272,3
761,00762.png,C2,1,2432,1272,2
762,00763.png,C2,1,2432,1272,-1
763,00764.png,C2,1,2432,1272,3
764,00765.png,C2,1,2432,1272,0
765,00766.png,C2,1,2432,1272,4
766,00767.png,C2,1,2486,1197,3
767,00768.png,C2,1,2432,1272,1
768,00769.png,C2,1,2432,1272,3
769,00770.png,C2,1,2432,1272,2
770,00771.png,C2,1,2486,1197,3
771,00772.png,C2,1,2486,1197,-1
772,00773.png,C2,1,2486,1197,4
773,00774.png,C2,1,2432,1272,-1
774,00775.png,C2,1,2432,1272,3
775,00776.png,C2,1,2432,1272,0
776,00777.png,C2,1,2432,1272,4
777,00778.png,C2,1,2432,1272,-1
778,00779.png,C2,1,2432,1272,3
779,00780.png,C2,1,2432,1272,-1
780,00781.png,C2,1,2432,1272,-1
781,00782.png,C2,1,2432,1272,0
782,00783.png,C2,1,2432,1272,1
783,00784.png,C2,1,2316,1272,2
784,00785.png,C2,1,2316,1272,2
785,00786.png,C2,1,2432,1272,1
786,00787.png,C2,1,2432,1272,-1
787,00788.png,C2,1,2316,1272,2
788,00789.png,C2,1,2432,1272,1
789,00790.png,C2,1,2432,1272,-1
790,00791.png,C2,1,2432,1272,1
791,00792.png,C2,1,2432,1272,-1
792,00793.png,C2,1,2432,1272,4
793,00794.png,C2,1,2432,1272,2
794,00795.png,C2,1,2432,1272,1
795,00796.png,C2,1,2486,1197,-1
796,00797.png,C2,1,2486,1197,4
797,00798.png,C2,1,2432,1272,1
798,00799.png,C2,1,2432,1272,1
799,00800.png,C2,1,2432,1272,1
800,00801.png,C2,1,2486,1197,0
801,00802.png,C2,1,2432,1272,2
802,00803.png,C2,1,2432,1272,4
803,00804.png,C2,1,2432,1272,2
804,00805.png,C2,1,2432,1272,2
805,00806.png,C2,1,2432,1272,4
806,00807.png,C2,1,2486,1197,2
807,00808.png,C2,1,2432,1272,0
808,00809.png,C2,1,2432,1272,1
809,00810.png,C2,1,2432,1272,-1
810,00811.png,C2,1,2432,1272,3
811,00812.png,C2,1,2432,1272,1
812,00813.png,C2,1,2432,1272,4
813,00814.png,C2,1,2316,1272,3
814,00815.png,C2,1,2432,1272,1
815,00816.png,C2,1,2432,1272,4
816,00817.png,C2,1,2903,1536,2
817,00818.png,C2,1,2903,1536,1
818,00819.png,C2,1,2903,1536,4
819,00820.png,C2,1,2903,1536,0
820,00821.png,C2,1,2903,1536,1
821,00822.png,C2,1,2903,1536,-1
822,00823.png,C2,1,2903,1536,3
823,00824.png,C2,1,2903,1536,1
824,00825.png,C2,1,2903,1536,-1
825,00826.png,C2,1,2903,1536,3
826,00827.png,C2,1,2903,1536,4
827,00828.png,C2,1,2903,1536,1
828,00829.png,C2,1,2903,1536,0
829,00830.png,C2,1,2903,1536,-1
830,00831.png,C2,1,2903,1536,2
831,00832.png,C2,1,2903,1536,1
832,00833.png,C2,1,2903,1536,1
833,00834.png,C2,1,2903,1536,4
834,00835.png,C2,1,2903,1536,4
835,00836.png,C2,1,2903,1536,-1
836,00837.png,C2,1,2903,1536,0
837,00838.png,C2,1,2903,1536,4
838,00839.png,C2,1,2903,1536,3
839,00840.png,C2,1,2903,1536,-1
840,00841.png,C2,1,2903,1536,-1
841,00842.png,C2,1,2903,1536,3
842,00843.png,C2,1,2903,1536,-1
843,00844.png,C2,1,2903,1536,1
844,00845.png,C2,1,2903,1536,2
845,00846.png,C2,1,2903,1536,3
846,00847.png,C2,1,2903,1536,1
847,00848.png,C2,1,2903,1536,1
848,00849.png,C2,1,2903,1536,2
849,00850.png,C2,1,2903,1536,0
850,00851.png,C2,1,2903,1536,2
851,00852.png,C2,1,2903,1536,2
852,00853.png,C2,1,2903,1536,4
853,00854.png,C2,1,2903,1536,2
854,00855.png,C2,1,2903,1536,1
855,00856.png,C2,1,2903,1536,4
856,00857.png,C2,1,2903,1536,3
857,00858.png,C2,1,2903,1536,-1
858,00859.png,C2,1,2903,1536,2
859,00860.png,C2,1,2903,1536,0
860,00861.png,C2,1,2903,1536,4
861,00862.png,C2,1,2903,1536,0
862,00863.png,C2,1,2847,1396,2
863,00864.png,C2,1,2903,1536,2
864,00865.png,C2,1,2903,1536,4
865,00866.png,C2,1,2903,1536,3
866,00867.png,C2,1,2903,1536,2
867,00868.png,C2,1,2903,1536,2
868,00869.png,C2,1,2903,1536,0
869,00870.png,C2,1,2903,1536,0
870,00871.png,C2,1,2903,1536,1
871,00872.png,C2,1,2903,1536,3
872,00873.png,C2,1,2903,1536,0
873,00874.png,C2,1,2903,1536,4
874,00875.png,C2,1,2903,1536,4
875,00876.png,C2,1,2903,1536,2
876,00877.png,C2,1,2903,1536,0
877,00878.png,C2,1,2903,1536,-1
878,00879.png,C2,1,2903,1536,1
879,00880.png,C2,1,2903,1536,4
880,00881.png,C2,1,2903,1536,2
881,00882.png,C2,1,2903,1536,1
882,00883.png,C2,1,2903,1536,1
883,00884.png,C2,1,2903,1536,-1
884,00885.png,C2,1,2903,1536,0
885,00886.png,C2,1,2903,1536,0
886,00887.png,C2,1,2903,1536,3
887,00888.png,C2,1,2903,1536,-1
888,00889.png,C2,1,2903,1536,2
889,00890.png,C2,1,2903,1536,4
890,00891.png,C2,1,2903,1536,0
891,00892.png,C2,1,2903,1536,3
892,00893.png,C2,1,2903,1536,3
893,00894.png,C2,1,2903,1536,1
894,00895.png,C2,1,2903,1536,4
895,00896.png,C2,1,2903,1536,-1
896,00897.png,C2,1,2903,1536,4
897,00898.png,C2,1,2903,1536,4
898,00899.png,C2,1,2903,1536,-1
899,00900.png,C2,1,1452,768,3
900,00901.png,C2,1,2432,1272,4
901,00902.png,C2,1,2486,1197,0
902,00903.png,C2,1,2316,1272,2
903,00904.png,C2,1,2903,1536,3
904,00905.png,C2,1,2903,1536,4
905,00906.png,C2,1,2903,1536,4
906,00907.png,C2,1,2903,1536,0
907,00908.png,C2,1,2903,1536,2
908,00909.png,C2,1,2903,1536,2
909,00910.png,C2,1,2432,1272,0
910,00911.png,C2,1,2903,1536,3
911,00912.png,C2,1,2432,1272,-1
912,00913.png,C2,1,2903,1536,0
913,00914.png,C2,1,2903,1536,1
914,00915.png,C2,1,2903,1536,2
915,00916.png,C2,1,2903,1536,4
916,00917.png,C2,1,2903,1536,3
917,00918.png,C2,1,2903,1536,-1
918,00919.png,C2,1,2903,1536,2
919,00920.png,C2,1,2316,1272,2
920,00921.png,C2,1,2432,1272,2
921,00922.png,C2,1,2316,1272,2
922,00923.png,C2,1,2432,1272,-1
923,00924.png,C2,1,2316,1272,-1
924,00925.png,C2,1,2316,1272,-1
925,00926.png,C2,1,2432,1272,-1
926,00927.png,C2,1,2316,1272,3
927,00928.png,C2,1,2432,1272,0
928,00929.png,C2,1,2432,1272,1
929,00930.png,C2,1,2432,1272,-1
930,00931.png,C2,1,2316,1272,4
931,00932.png,C2,1,2432,1272,4
932,00933.png,C2,1,2432,1272,4
933,00934.png,C2,1,2432,1272,4
934,00935.png,C2,1,2432,1272,2
935,00936.png,C2,1,2432,1272,3
936,00937.png,C2,1,2432,1272,0
937,00938.png,C2,1,2316,1272,-1
938,00939.png,C2,1,2432,1272,0
939,00940.png,C2,1,2432,1272,-1
940,00941.png,C2,1,2432,1272,-1
941,00942.png,C2,1,2432,1272,4
942,00943.png,C2,1,2432,1272,-1
943,00944.png,C2,1,2432,1272,4
944,00945.png,C2,1,2316,1272,4
945,00946.png,C2,1,2432,1272,1
946,00947.png,C2,1,2432,1272,-1
947,00948.png,C2,1,2486,1289,4
948,00949.png,C2,1,2316,1272,1
949,00950.png,C2,1,2316,1272,3
950,00951.png,C2,1,2432,1272,4
951,00952.png,C2,1,2316,1272,4
952,00953.png,C2,1,2432,1272,4
953,00954.png,C2,1,2432,1272,-1
954,00955.png,C2,1,2432,1272,3
955,00956.png,C2,1,2432,1272,2
956,00957.png,C2,1,2316,1272,1
957,00958.png,C2,1,2432,1272,2
958,00959.png,C2,1,2316,1272,3
959,00960.png,C2,1,2432,1272,2
960,00961.png,C2,1,2432,1272,3
961,00962.png,C2,1,2432,1272,3
962,00963.png,C2,1,2432,1272,-1
963,00964.png,C2,1,2432,1272,0
964,00965.png,C2,1,2432,1272,3
965,00966.png,C2,1,2316,1272,2
966,00967.png,C2,1,2432,1272,-1
967,00968.png,C2,1,2432,1272,3
968,00969.png,C2,1,2316,1272,0
969,00970.png,C2,1,2436,1272,1
970,00971.png,C2,1,2486,1197,2
971,00972.png,C2,1,2432,1272,-1
972,00973.png,C2,1,2432,1272,0
973,00974.png,C2,1,2432,1272,0
974,00975.png,C3,2,1600,847,-1
975,00976.png,C3,2,2324,1280,3
976,00977.png,C3,2,2611,1244,-1
977,00978.png,C3,2,2864,1504,3
978,00979.png,C3,2,2616,1244,-1
979,00980.png,C3,2,2604,1244,3
980,00981.png,C3,2,2615,1244,1
981,00982.png,C3,2,2609,1244,0
982,00983.png,C3,2,2607,1244,-1
983,00984.png,C3,2,2606,1244,-1
984,00985.png,C3,2,2864,1504,2
985,00986.png,C3,2,2610,1244,0
986,00987.png,C3,2,2610,1244,-1
987,00988.png,C3,2,2000,1050,1
988,00989.png,C3,2,1269,681,4
989,00990.png,C3,2,2610,1244,1
990,00991.png,C3,2,2903,1536,-1
991,00992.png,C3,2,2615,1244,1
992,00993.png,C3,2,2600,1387,-1
993,00994.png,C3,2,2614,1244,-1
994,00995.png,C3,2,2611,1244,1
995,00996.png,C3,2,2605,1244,1
996,00997.png,C3,2,2840,1532,0
997,00998.png,C3,2,2840,1532,2
998,00999.png,C3,2,2864,1504,2
999,01000.png,C3,2,2610,1244,1
1000,01001.png,C3,2,2840,1532,0
1001,01002.png,C3,2,2840,1532,4
1002,01003.png,C3,2,2613,1244,3
1003,01004.png,C3,2,2864,1504,1
1004,01005.png,C3,2,2602,1244,3
1005,01006.png,C3,2,2610,1244,4
1006,01007.png,C3,2,2612,1244,1
1007,01008.png,C3,2,2612,1244,4
1008,01009.png,C3,2,2614,1244,4
1009,01010.png,C3,2,2605,1244,2
1010,01011.png,C3,2,2612,1244,-1
1011,01012.png,C3,2,2840,1532,-1
1012,01013.png,C3,2,2608,1244,1
1013,01014.png,C3,2,2610,1244,0
1014,01015.png,C3,2,2840,1532,3
1015,01016.png,C3,2,2604,1244,0
1016,01017.png,C3,2,2616,1244,0
1017,01018.png,C3,2,2613,1244,4
1018,01019.png,C3,2,2611,1244,4
1019,01020.png,C3,2,2603,1244,0
1020,01021.png,C3,2,2602,1244,-1
1021,01022.png,C3,2,2613,1244,2
1022,01023.png,C3,2,2613,1244,3
1023,01024.png,C3,2,2868,1504,3
1024,01025.png,C3,2,2609,1244,4
1025,01026.png,C3,2,2608,1244,2
1026,01027.png,C3,2,2612,1244,4
1027,01028.png,C3,2,2840,1532,2
1028,01029.png,C3,2,2840,1532,4
1029,01030.png,C3,2,2606,1244,0
1030,01031.png,C3,2,2607,1244,2
1031,01032.png,C3,2,2612,1244,3
1032,01033.png,C3,2,2864,1504,2
1033,01034.png,C3,2,2611,1244,3
1034,01035.png,C3,2,2610,1244,0
1035,01036.png,C3,2,2613,1244,0
1036,01037.png,C3,2,2615,1244,-1
1037,01038.png,C3,2,2607,1244,-1
1038,01039.png,C3,2,2618,1244,-1
1039,01040.png,C3,2,2618,1244,2
1040,01041.png,C3,2,2615,1244,4
1041,01042.png,C3,2,2607,1244,-1
1042,01043.png,C3,2,2613,1244,4
1043,01044.png,C3,2,2606,1244,0
1044,01045.png,C3,2,2611,1244,2
1045,01046.png,C3,2,2611,1244,1
1046,01047.png,C3,2,2864,1504,-1
1047,01048.png,C3,2,2612,1244,2
1048,01049.png,C3,2,2606,1244,3
1049,01050.png,C3,2,2864,1504,0
1050,01051.png,C3,2,2611,1244,-1
1051,01052.png,C3,2,2603,1244,3
1052,01053.png,C3,2,2611,1244,3
1053,01054.png,C3,2,2840,1532,2
1054,01055.png,C3,2,2611,1244,1
1055,01056.png,C3,2,2615,1244,4
1056,01057.png,C3,2,2614,1244,1
1057,01058.png,C3,2,2609,1244,-1
1058,01059.png,C3,2,2864,1504,3
1059,01060.png,C3,2,2600,1387,2
1060,01061.png,C3,2,1600,853,1
1061,01062.png,C3,2,2864,1504,2
1062,01063.png,C3,2,2864,1504,3
1063,01064.png,C3,2,2611,1244,-1
1064,01065.png,C3,2,2616,1244,3
1065,01066.png,C3,2,2614,1244,2
1066,01067.png,C3,2,2715,1442,2
1067,01068.png,C3,2,2609,1244,2
1068,01069.png,C3,2,2436,1272,2
1069,01070.png,C3,2,2611,1244,0
1070,01071.png,C3,2,2613,1244,0
1071,01072.png,C3,2,2604,1244,0
1072,01073.png,C3,2,2608,1244,2
1073,01074.png,C3,2,2609,1244,-1
1074,01075.png,C3,2,2440,1292,-1
1075,01076.png,C3,2,2000,1600,3
1076,01077.png,C3,2,2000,1062,3
1077,01078.png,C3,2,2840,1532,0
1078,01079.png,C3,2,2616,1244,0
1079,01080.png,C3,2,2616,1244,0
1080,01081.png,C3,2,2611,1244,4
1081,01082.png,C3,2,2428,1244,2
1082,01083.png,C3,2,2864,1504,1
1083,01084.png,C3,2,2608,1244,4
1084,01085.png,C3,2,2600,1387,1
1085,01086.png,C3,2,2609,1244,0
1086,01087.png,C3,2,2608,1244,-1
1087,01088.png,C3,2,2613,1244,4
1088,01089.png,C3,2,2608,1244,3
1089,01090.png,C3,2,2868,1504,0
1090,01091.png,C3,2,2840,1532,2
1091,01092.png,C3,2,2840,1532,-1
1092,01093.png,C3,2,2609,1244,4
1093,01094.png,C3,2,2615,1244,2
1094,01095.png,C3,2,2612,1244,4
1095,01096.png,C3,2,2840,1532,1
1096,01097.png,C3,2,2432,1272,2
1097,01098.png,C3,2,2432,1272,1
1098,01099.png,C3,2,2903,1536,1
1099,01100.png,C3,2,2903,1536,-1
1100,01101.png,C3,2,2316,1272,1
1101,01102.png,C3,2,2432,1272,3
1102,01103.png,C3,2,2432,1272,3
1103,01104.png,C3,2,2432,1272,-1
1104,01105.png,C3,2,2432,1272,0
1105,01106.png,C3,2,2316,1272,3
1106,01107.png,C3,2,2432,1272,4
1107,01108.png,C3,2,2432,1272,-1
1108,01109.png,C3,2,2486,1197,0
1109,01110.png,C3,2,2432,1272,0
1110,01111.png,C3,2,2432,1272,2
1111,01112.png,C3,2,2316,1272,-1
1112,01113.png,C3,2,2486,1197,-1
1113,01114.png,C3,2,2432,1272,-1
1114,01115.png,C3,2,2432,1272,2
1115,01116.png,C3,2,2432,1272,-1
1116,01117.png,C3,2,2316,1272,-1
1117,01118.png,C3,2,2316,1272,4
1118,01119.png,C3,2,2432,1272,1
1119,01120.png,C3,2,2316,1272,4
1120,01121.png,C3,2,2436,1272,1
1121,01122.png,C3,2,2436,1272,2
1122,01123.png,C3,2,2436,1272,3
1123,01124.png,C3,2,2436,1272,4
1124,01125.png,C3,2,2316,1272,-1
1125,01126.png,C3,2,2432,1272,4
1126,01127.png,C3,2,2432,1272,-1
1127,01128.png,C3,2,2432,1272,-1
1128,01129.png,C3,2,2432,1272,4
1129,01130.png,C3,2,2432,1272,0
1130,01131.png,C3,2,2316,1272,4
1131,01132.png,C3,2,2432,1272,4
1132,01133.png,C3,2,2432,1272,1
1133,01134.png,C3,2,2432,1272,3
1134,01135.png,C3,2,2316,1272,3
1135,01136.png,C3,2,2316,1272,3
1136,01137.png,C3,2,2316,1272,3
1137,01138.png,C3,2,2316,1272,4
1138,01139.png,C3,2,2316,1272,2
1139,01140.png,C3,2,2432,1272,4
1140,01141.png,C3,2,2432,1272,0
1141,01142.png,C3,2,2432,1272,1
1142,01143.png,C3,2,2436,1272,1
1143,01144.png,C3,2,2280,1272,3
1144,01145.png,C3,2,2316,1272,1
1145,01146.png,C3,2,2432,1272,1
1146,01147.png,C3,2,2432,1272,4
1147,01148.png,C3,2,2316,1272,1
1148,01149.png,C3,2,2316,1272,0
1149,01150.png,C3,2,2436,1272,3
1150,01151.png,C3,2,2308,1272,0
